AnimationName,DisplayName,en,zh-Hans,zh-Hant,de,es,fr,hu,ja,ko,ru,pt-br,uk,it,th,tr,sv,sk
ANIM/Alert-Bits,Alert Bits,Alert Bits,通知/提示 Bits,通知/提示 Bits,Alert Bits,Alerta de Bits,Alerte de Bits,Figyelmeztető bitek,ビッツ アラート,비트 알림,"Уведомление ""Twitch Bits""",Alerta de Bits,Біти попередження,Bit di avviso,Alert Bits,Bit Bildirimi,Varningsbitar,Varovné bity
ANIM/Alert-Donation,Alert Donation,Alert Donation,通知/提示 硬币,通知/提示 硬幣,Alert Spende,Alerta de donación,Alerte de Don,Figyelmeztető adományozás,寄付 アラート,후원 알림,"Уведомление ""Донат""",Alerta de doação,Сповіщення про пожертвування,Donazione avviso,Alert โดเนท,Bağış Bildirimi,Varningsdonation,Varovný dar
ANIM/Alert-Heart,Alert Heart,Alert Heart,通知/提示 爱心/喜欢,通知/提示 愛心/喜歡,Alert Herz,Alerta de corazón,Alerte Cœur,Figyelmes szív,ハート アラート,하트 알림,"Уведомление ""Сердце""",Alerta de Coração,Тривожне серце,Cuore vigile,Alert หัวใจ,Kalp Bildirimi,Alert Heart,Varovné srdce
ANIM/Alert-Like,Alert Like,Alert Like,通知/提示 点赞,通知/提示 點讚,Alert Like,Alerta de Like,Alerte J'aime,Alert Like,いいね アラート,좋아요 알림,"Уведомление ""Нравится""",Alerta de Like,Сповіщення Подобається,Avviso Mi piace,Alert ไลค์,Beğeni Bildirimi,Alert Gilla,Upozorniť Páči sa mi
ANIM/Alert-Star,Alert Star,Alert Star,通知/提示 星星/收藏,通知/提示 星星/收藏,Alert Stern,Alerta de estrella,Alerte Étoile,Figyelmeztető csillag,星 アラート,별 알림,"Уведомление ""Звезда""",Alerta de Estrela,Alert Star,Stella allerta,Alert ดาว,Yıldız Bildirimi,Alert Star,Hviezda upozornenia
ANIM/Angry,Angry,Angry,生气,生氣,Wütend,Enojado,Colère,Dühös,怒り顔,화남,Злой,Raiva,Злий,Arrabbiato,โกรธ,Sinirli,Arg,Nahnevaný
ANIM/Arrive,Arrive,Arrive,到达,到達,Ankommen,Llegando,Arriver,Megérkezik,登場,등장,Подбежать,Chegada,Прибуття,Arrivare,เดินมาหา,Geldim,Anlända,Príďte
ANIM/Arrive-Chopstick,Arrive (with Chopstick),Arrive (with Chopstick),到达(拿筷子),到達(拿筷子),Ankommen (Essstäbchen),Llegando(con palillos),Arriver (avec des Baguettes),Érkezés (pálcikával),登場（箸）,등장(젓가락),Подбежать (с палочками для еды),Chegada (com Hashi),Прибуття (з паличкою для їжі),Arrivo (con la bacchetta),เดินมาหา (ตะเกียบ),Geldim (Chopstick),Anländer (med ätpinne),Prísť (s palicou)
ANIM/Arrive-Spoon,Arrive (with Spoon),Arrive (with Spoon),到达(拿勺子),到達(拿湯匙),Ankommen (Löffel),Llegando(con cuchara),Arriver (avec une Cuillère),Érkezés (kanállal),登場（スプーン）,등장(숟가락),Подбежать (с ложкой),Chegada (com Colher),Прибуття (з ложкою),Arrivo (con cucchiaio),เดินมาหา (ช้อน),Geldim (Kaşık),Anländer (med sked),Prísť (s lyžičkou)
ANIM/Bonk,Bonk,Bonk,敲头,敲頭,Bonk,Bonk,Bonk,Bonk,ハンマー（ボンク）,망치 콩,Боньк,Bonk,Бонк,Buono,ทุบ / Bonk,Bonk,Bonk,Bonk
ANIM/Copium,Copium,Copium,自我安慰,自我催眠,Copium,Copium,Copium,Copium,コピウム（現実逃避）,행복회로,Копиум,Copium,Copium,Copio,ทำใจ,Copium,Copium,Copium
ANIM/Crowbar-1,Crowbar 1,Crowbar 1,撬棍 1,撬棍 1,Brecheisen 1,Palanca 1,Pied de Biche 1,Vargavas 1,バール 1,쇠지렛대 1,Лом 1,Pé de cabra 1,Лом 1,Piede di porco 1,ชะแลง 1,Levye 1,Kofot 1,Páčidlo 1
ANIM/Crowbar-2,Crowbar 2,Crowbar 2,撬棍 2,撬棍 2,Brecheisen 2,Palanca 2,Pied de Biche 2,Vargavas 2,バール 2,쇠지렛대 2,Лом 2,Pé de cabra 2,Лом 2,Piede di porco 2,ชะแลง 2,Levye 2,Kofot 2,Páčidlo 2
ANIM/Crowbar-3,Crowbar 3,Crowbar 3,撬棍 3,撬棍 3,Brecheisen 3,Palanca 3,Pied de Biche 3,Vargavas 3,バール 3,쇠지렛대 3,Лом 3,Pé de cabra 3,Лом 3,Piede di porco 3,ชะแลง 3,Levye 3,Kofot 3,Páčidlo 3
ANIM/Cry-1,Cry 1,Cry 1,哭 1,哭 1,Weinen 1,Llorar 1,Pleurer 1,Sírás 1,泣き顔 1,울음 1,Плач 1,Choro 1,Плакати 1,Piangere 1,ร้องไห้ 1,Ağla 1,Gråt 1,Plač 1
ANIM/Cry-2,Cry 2,Cry 2,哭 2,哭 2,Weinen 2,llorar 2,Pleurer 2,Sírás 2,泣き顔 2,울음 2,Плач 2,Choro 2,Плакати 2,Piangere 2,ร้องไห้ 2,Ağla 2,Gråt 2,Plač 2
ANIM/Cry-3,Cry 3,Cry 3,哭 3,哭 3,Weinen 3,Llorar 3,Pleurer 3,Sírás 3,泣き顔 3,울음 3,Плач 3,Choro 3,Плакати 3,Piangere 3,ร้องไห้ 3,Ağla 3,Gråt 3,Plač 3
ANIM/Dead,Dead,Dead,死亡,死亡,Tot,Muerto,Mort,Halott,ダウン,기절,Умер,Morto,Мертвий,Morto,วิญญาณหลุด,Öldüm,Död,Mŕtvy
ANIM/Dizzy,Dizzy,Dizzy,头晕,頭暈,Schwindlig,Mareado,Étourdi,Szédül,目まわし,어지러움,Вскружило голову,Tontura,запаморочення,Dare le vertigini,ตาลาย,Başım Dönüyo,Yr,Závrate
ANIM/Drink-BeverageCup,Drink (Beverage Cup),Drink (Beverage Cup),喝(饮料杯),喝(飲料杯),Getränk (Becher),Bebiendo (Vaso de bebida),Boisson (Gobelet),Ital (italos csésze),ドリンク（カップ）,음료 마시기(음료컵),Пить (Стаканчик с напитком),Beber (Copo),Напій (чашка для напоїв),Bevanda (tazza per bevande),เครื่องดื่ม (แก้วเครื่องดื่ม),İç (Pipetle),Dryck (Beverage Cup),Nápoj (nápojový pohár)
ANIM/Drive,Drive,Drive,驾驶,駕駛,Fahren,Conduciendo,Conduire,Hajtás,ドライブ,운전하기,Водить машину,Dirigir,Драйв,Guidare,ขับรถ,Sür,Köra,Drive
ANIM/Drooling-Chopstick,Drooling (Chopstick),Drooling (Chopstick),馋(筷子),嘴饞(筷子),Sabbern (Essstäbchen),Babeando (palillo),Baver (Baguettes),Nyálcsorgatás (evőpálcika),よだれ（箸）,침흘림(젓가락),Слюни (Палочки для еды),Babando (Hashi),Слинотеча (Chopstick),Sbavare (bacchette),น้ำลายไหล (ตะเกียบ),Ağzım Sulandı (Chopstick),Dregling (ätpinne),Slintanie (palička)
ANIM/Drooling-ForkKnife,Drooling (Fork&Knife),Drooling (Fork&Knife),馋(刀叉),嘴饞(刀叉),Sabbern (Gabel&Messer),Babeando (tenedor y cuchillo),Bave (Fourchette & Couteau),Nyálcsorgatás (villa és kés),よだれ（フォーク＆ナイフ）,침흘림(포크&나이프),Слюни (Вилка и нож),Babando (Garfo & Faca),Слини (виделка та ніж),Sbavando (forchetta e coltello),น้ำลายไหล (ส้อมและมีด),Ağzım Sulandı (Çatal ve Bıçak),Dregling (gaffel och kniv),Slintanie (vidlička a nôž)
ANIM/Dum-1,Dum 1,Dum 1,呆 1,呆 1,Dum 1,Tonto 1,Teuteu 1,Dum 1,ほげ 1,바보 1,Глупик 1,Bobo 1,Думка 1,Dimmi 1,หน้าโง่ 1,Enayi 1,Dum 1,Dum 1
ANIM/Dum-2,Dum 2,Dum 2,呆 2,呆 2,Dum 2,Tonto 2,Teuteu 2,Dum 2,ほげ 2,바보 2,Глупик 2,Bobo 2,Думка 2,Dimmi 2,หน้าโง่ 2,Enayi 2,Dum 2,Dum 2
ANIM/Dum-3,Dum 3,Dum 3,呆 3,呆 3,Dum 3,Tonto 3,Teuteu 3,Dum 3,ほげ 3,바보 3,Глупик 3,Bobo 3,Думка 3,Dimmi 3,หน้าโง่ 3,Enayi 3,Dum 3,Dum 3
ANIM/Dum-Sticker-1,Dum Sticker 1,Dum Sticker 1,呆(贴纸) 1,呆(貼紙) 1,Dum-Aufkleber 1,"Post-it ""Dumb"" 1",Post-it Teuteu 1,Dum matrica 1,ほげ ふせん 1,바보 스티커 1,Глупик со стикером 1,Bobo Adesivo 1,Наклейка Dum 1,Adesivo stupido 1,หน้าโง่ 1 (Sticky Note),Enayi Stickeri 1,Dum Sticker 1,Nálepka 1
ANIM/Dum-Sticker-2,Dum Sticker 2,Dum Sticker 2,呆(贴纸) 2,呆(貼紙) 2,Dum-Aufkleber 2,"Post-it ""Dumb"" 2",Post-it Teuteu 2,Dum matrica 2,ほげ ふせん 2,바보 스티커 2,Глупик со стикером 2,Bobo Adesivo 2,Dum Sticker 2,Adesivo stupido 2,หน้าโง่ 2 (Sticky Note),Enayi Stickeri 2,Dum Sticker 2,Nálepka Dum 2
ANIM/Dum-Sticker-3,Dum Sticker 3,Dum Sticker 3,呆(贴纸) 3,呆(貼紙) 3,Dum-Aufkleber 3,"Post-it ""Dumb""3",Post-it Teuteu 3,Dum matrica 3,ほげ ふせん 3,바보 스티커 3,Глупик со стикером 3,Bobo Adesivo 3,Наклейка Dum 3,Adesivo stupido 3,หน้าโง่ 3 (Sticky Note),Enayi Stickeri 3,Dum Sticker 3,Nálepka Dum 3
ANIM/Exclamation,Exclamation,Exclamation,叹号,驚嘆號,Ausrufezeichen,Exclamación,Exclamation,Felkiáltás,びっくり,깜짝,"Удивление ""!!""",Exclamação,Вигук,Esclamazione,อุทาน,Aman,Utrop,Výkričník
ANIM/Jail-1,Jail 1,Jail 1,坐牢 1,坐牢 1,Gefängnis 1,Cárcel 1,Prison 1,Börtön 1,牢屋 1,감옥 1,Тюрьма 1,Prisão 1,В'язниця 1,Prigione 1,คุก 1,Hapis 1,Fängelse 1,Väzenie 1
ANIM/Jail-2,Jail 2,Jail 2,坐牢 2,坐牢 2,Gefängnis 2,Cárcel 2,Prison 2,Börtön 2,牢屋 2,감옥 2,Тюрьма 2,Prisão 2,В'язниця 2,Prigione 2,คุก 2,Hapis 2,Fängelse 2,Väzenie 2
ANIM/Knife-1,Knife 1,Knife 1,刀 1,刀 1,Messer 1,Cuchillo 1,Couteau 1,Kés 1,ナイフ 1,칼 1,Нож 1,Faca 1,Ніж 1,Coltello 1,มีด 1,Bıçak 1,Kniv 1,Nôž 1
ANIM/Knife-2,Knife 2,Knife 2,刀 2,刀 2,Messer 2,Cuchillo 2,Couteau 2,Kés 2,ナイフ 2,칼 2,Нож 2,Faca 2,Ніж 2,Coltello 2,มีด 2,Bıçak 2,Kniv 2,Nôž 2
ANIM/Laugh,Laugh,Laugh,笑,笑,Lachen,Riendo,Rire,Nevetés,笑い顔,웃음,Смех,Rir,сміятися,Ridere,หัวเราะ,Gül,Skratta,Smejte sa
ANIM/Lick,Lick,Lick,舔舔,舔舔,Lecken,Lamiendo,Lécher,Nyalás,ぺろり,핥기,Лизь языком,Lamber,лизати,Leccata,เลีย,Yala Yala,Slicka,Lízať
ANIM/Lightstick-1,Lightstick 1,Lightstick 1,荧光棒 1,螢光棒 1,Leuchtstab 1,Lightstick 1,Bâton lumineux 1,Lightstick 1,ペンライト 1,응원봉 1,Лайтстик 1,Bastão de Luz 1,Світлова паличка 1,Bastone luminoso 1,แท่งไฟ 1,Işıklı Çubuk 1,Ljussticka 1,Svietidlo 1
ANIM/Lightstick-2,Lightstick 2,Lightstick 2,荧光棒 2,螢光棒 2,Leuchtstab 2,Lightstick 2,Bâton lumineux 2,Lightstick 2,ペンライト 2,응원봉 2,Лайтстик 2,Bastão de Luz 2,Lightstick 2,Bastone luminoso 2,แท่งไฟ 2,Işıklı Çubuk 2,Ljussticka 2,Svietidlo 2
ANIM/Lurk-1,Lurk 1,Lurk 1,冒泡 1,冒泡 1,Lurken 1,Lurkeo 1,Lurk 1,Lappangás 1,ちらっ 1,빼꼼 1,Подглядывать 1,Espreitar 1,ховатися 1,In agguato 1,แอบ 1,Saklan 1,Lura 1,Číhať 1
ANIM/Lurk-2,Lurk 2,Lurk 2,冒泡 2,冒泡 2,Lurken 2,Lurkeo 2,Lurk 2,Lappangás 2,ちらっ 2,빼꼼 2,Подглядывать 2,Espreitar 2,ховатися 2,In agguato 2,แอบ 2,Saklan 2,Lurk 2,Číhať 2
ANIM/Luv-1,Luv 1,Luv 1,爱心 1,愛心 1,Liebe 1,Amor 1,Amour 1,Luv 1,ラブ 1,하트 1,Любовь 1,Amor 1,Любов 1,Amore 1,รัก 1,Sevgi 1,Luv 1,Luv 1
ANIM/Luv-2,Luv 2,Luv 2,爱心 2,愛心 2,Liebe 2,Amor 2,Amour 2,Luv 2,ラブ 2,하트 2,Любовь 2,Amor 2,Любов 2,Amore 2,รัก 2,Sevgi 2,Luv 2,Luv 2
ANIM/Luv-3,Luv 3,Luv 3,爱心 3,愛心 3,Liebe 3,Amor 3,Amour 3,Luv 3,ラブ 3,하트 3,Любовь 3,Amor 3,Любов 3,Amore 3,รัก 3,Sevgi 3,Luv 3,Luv 3
ANIM/Money,Money,Money,钱,錢,Geld,Dinero,Argent,Pénz,お金,돈,Деньги,Dinheiro,гроші,Soldi,เงิน,Paracıklar,Pengar,Peniaze
ANIM/Mute-1,Mute 1,Mute 1,静音 1,靜音 1,Stumm 1,Muteado 1,Muet 1,Némítás 1,ミュート 1,음소거 1,Беззвучный 1,Mudo 1,Вимкнути звук 1,Muto 1,Mute 1,Susturulu 1,Ljud av 1,Stlmiť 1
ANIM/Mute-2,Mute 2,Mute 2,静音 2,靜音 2,Stumm 2,Muteado 2,Muet 2,Némítás 2,ミュート 2,음소거 2,Беззвучный 2,Mudo 2,Вимкнути звук 2,Muto 2,Mute 2,Susturulu 2,Tyst 2,Stlmiť 2
ANIM/Nervous-1,Nervous 1,Nervous 1,紧张 1,緊張 1,Nervös 1,Nervioso 1,Nerveux 1,Ideges 1,ドキドキ 1,식은땀 1,Нервный 1,Nervoso 1,Нервовий 1,Nervoso 1,กังวล 1,Endişeli 1,Nervös 1,Nervózny 1
ANIM/Nervous-2,Nervous 2,Nervous 2,紧张 2,緊張 2,Nervös 2,Nervioso 2,Nerveux 2,Ideges 2,ドキドキ 2,식은땀 2,Нервный 2,Nervoso 2,Нервовий 2,Nervoso 2,กังวล 2,Endişeli 2,Nervös 2,Nervózny 2
ANIM/Noted-1,Noted 1,Noted 1,记录 1,記錄 1,Notiz 1,Anotando 1,Noter 1,Megjegyezte 1,了解 1,메모 1,Записано 1,Anotando 1,Відзначено 1,Notato 1,จดโน๊ต 1,Not Alma 1,Noterade 1,Zaznamenané 1
ANIM/Noted-2,Noted 2,Noted 2,记录 2,記錄 2,Notiz 2,Anotando 2,Noter 2,Megjegyezte 2,了解 2,메모 2,Записано 2,Anotando 2,Примічено 2,Notato 2,จดโน๊ต 2,Not Alma 2,Noterade 2,Zaznamenané 2
ANIM/Pat,Pat,Pat,摸头,摸頭,Streicheln,Palmadita,Pat,Pat,なでなで,쓰다듬기,Гладь по голове,Carinho,Пат,Pat,ลูบหัว,Kafa Okşa,Klappa,Pat
ANIM/Point,Point,Point,指,指,Zeigen,Apuntar,Indiquer,Pont,指さし,가리키기,Обвинение,Apontar,точка,Punto,ชี้,İşaret et,Punkt,Bod
ANIM/Question,Question,Question,问号,問號,Frage,Pregunta,Question,Kérdés,はてな,갸우뚱,Возник вопрос,Pergunta,Питання,Domanda,ถาม,Ney,Fråga,Otázka
ANIM/Raid-1,Raid 1,Raid 1,Raid 1,Raid 1,Raid 1,Raid 1,Raid 1,Raid 1,レイド 1,레이드 1,Рейд 1,Raid 1,Рейд 1,Incursione 1,Raid 1,Baskın 1,Raid 1,Nájazd 1
ANIM/Raid-2,Raid 2,Raid 2,Raid 2,Raid 2,Raid 2,Raid 2,Raid 2,Raid 2,レイド 2,레이드 2,Рейд 2,Raid 2,Рейд 2,Incursione 2,Raid 2,Baskın 2,Raid 2,Nájazd 2
ANIM/Redpacket-1,RedPacket 1,RedPacket 1,红包 1,紅包 1,Glücksumschlag 1,Sobre rojo 1,Enveloppe Rouge 1,RedPacket 1,お年玉 1,용돈 봉투 1,Конверт 1,Pacote Vermelho 1,RedPacket 1,Pacchetto Rosso 1,อั่งเปา 1,Kırmızı Paket 1,RedPacket 1,RedPacket 1
ANIM/RedPacket-2,RedPacket 2,RedPacket 2,红包 2,紅包 2,Glücksumschlag 2,Sobre rojo 2,Enveloppe Rouge 2,RedPacket 2,お年玉 2,용돈 봉투 2,Конверт 2,Pacote Vermelho 2,RedPacket 2,Pacchetto Rosso 2,อั่งเปา 2,Kırmızı Paket 2,RedPacket 2,RedPacket 2
ANIM/Rose,Rose,Rose,玫瑰,玫瑰,Rose,Rosa,Rose,Rózsa,バラ,장미,Роза,Rosa,Роза,Rosa,ดอกกุหลาบ,Gül,Ros,Rose
ANIM/Score-0Point,Score (0 Point),Score (0 Point),得分(0分),得分(0分),Punkte (0),Puntuación (0 puntos),Score (0 point),Pontszám (0 pont),採点（0 点）,점수(0점),Оценка (0 очков),Pontuação (0 pontos),Оцінка (0 балів),Punteggio (0 punti),คะแนน (0 คะแนน),Puanım (0),Poäng (0 poäng),Skóre (0 bodov)
ANIM/Score-10Point,Score (10 Point),Score (10 Point),得分(10分),得分(10分),Punkte (10),Puntuación (10 puntos),Score (10 points),Pontszám (10 pont),採点（10 点）,점수(10점),Оценка (10 баллов),Pontuação (10 pontos),Оцінка (10 балів),Punteggio (10 punti),คะแนน (10 คะแนน),Puanım (10),Poäng (10 poäng),Skóre (10 bodov)
ANIM/Shy-1,Shy 1,Shy 1,害羞 1,害羞 1,Schüchtern 1,Tímido 1,Timide 1,Félénk 1,照れ顔 1,부끄러움 1,Смущение 1,Tímido 1,Сором'язливий 1,Timido 1,ขี้อาย 1,Utangaç 1,Blyg 1,Hanblivý 1
ANIM/Shy-2,Shy 2,Shy 2,害羞 2,害羞 2,Schüchtern 2,Tímido 2,Timide 2,Félénk 2,照れ顔 2,부끄러움 2,Смущение 2,Tímido 2,Сором'язливий 2,Timido 2,ขี้อาย 2,Utangaç 2,Blyg 2,Hanblivý 2
ANIM/Sleep-Normal,Sleep (Normal),Sleep (Normal),睡觉(普通),睡覺(普通),Schlaf (Normal),Dormir (Normal),Dodo (Normal),Alvás (normál),睡眠（通常）,수면(일반),Сон (нормальный),Dormindo (Normal),сон (нормальний),Sonno (normale),นอนหลับ (ปกติ),Uyu (Normal),Sömn (normal),Spánok (normálny)
ANIM/Sleep-Preparing-Stage1,Sleep (Preparing Stage 1),Sleep (Preparing Stage 1),睡觉(准备阶段1),睡覺(準備階段1),Schlaf (Vorbereitung 1),Dormir (Preparación 1),Dodo (Scroll 1),Alvás (1. előkészítési szakasz),睡眠（準備 1）,수면(준비 1단계),Сон (подготовка ко сну 1),Dormindo (Preparação 1),Сон (підготовчий етап 1),Sonno (Preparazione alla Fase 1),นอนหลับ (เตรียมตัวนอน 1),Uyku (Hazırlanma Aşaması 1),Sömn (förbereder steg 1),Spánok (1. fáza prípravy)
ANIM/Sleep-Preparing-Stage2,Sleep (Preparing Stage 2),Sleep (Preparing Stage 2),睡觉(准备阶段2),睡覺(準備階段2),Schlaf (Vorbereitung 2),Dormir (Preparación 2),Dodo (Scroll 2),Alvás (2. előkészítési szakasz),睡眠（準備 2）,수면(준비 2단계,Сон (подготовка ко сну 2),Dormindo (Preparação 2),Сон (підготовчий етап 2),Sonno (Preparazione alla Fase 2),นอนหลับ (เตรียมตัวนอน 2),Uyku (Hazırlanma Aşaması 2),Sömn (förbereder steg 2),Spánok (2. fáza prípravy)
ANIM/Sleep-UU,Sleep (UU),Sleep (UU),睡觉 (UU),睡覺 (UU),Schlaf (UU),Dormir (UU),Dodo (UU),Alvás (UU),睡眠（すやすや）,수면(UU),Сон (UwU),Dormindo (UU),Сон (UU),Sonno (UU),นอนหลับ (UU),Uyu (UU),Sömn (UU),Spánok (UU)
ANIM/Surprise,Surprise,Surprise,惊吓,驚嚇,Überraschung,Sorpresa,Surpris,Meglepetés,びっくり顔,놀람,Сюрприз,Surpresa,Сюрприз,Sorpresa,เซอร์ไพรส์,Sürpriz,Överraskning,Prekvapenie
ANIM/Sweat,Sweat,Sweat,汗,汗,Schweiß,Sudor,Transpirer,Izzad,冷や汗,땀,Потливость,Suando,піт,Sudore,เหงือตก,Yorulma,Svettas,Vypotiť sa
ANIM/ThumbDown,Thumb Down,Thumb Down,反向点赞,倒讚,Daumen runter,Pulgar hacia abajo,Pouce vers le Bas,Lefelé hüvelykujj,よくないね,싫어요,Большой палец вниз,Polegar para Baixo,Великий палець вниз,Pollice giù,ไม่ชอบ,Beğenmedim,Tummen ner,Palec dole
ANIM/ThumbUp,Thumb Up,Thumb Up,点赞,點讚,Daumen hoch,Pulgar hacia arriba,Pouce vers le Haut,Menj fel,いいね,좋아요,Большой палец вверх,Polegar para Cima,Великий палець вгору,Pollice in su,ชอบ,Beğendim,Tummen Upp,Palec hore
ANIM/Type-Angry,Type Angry,Type Angry,打字(生气),打字(生氣),Tippen Wütend,Escribiendo enojado,Taper en Colère,Írd be: Dühös,タイピング（怒り）,타이핑(화남),Злое печатание,Escrevendo Raiva,Тип Злий,Digita Arrabbiato,พิมพ์ (โกรธ),Yaz Sinirli,Typ Arg,Napíšte Angry
ANIM/Type-Annoyed,Type Annoyed,Type Annoyed,打字(恼怒),打字(惱怒),Tippen Genervt,Escribiendo molesto,Taper Saoulé,Típus Bosszús,タイピング（イライラ）,타이핑(짜증),Раздраженное печатание,Escrevendo Ódio,Тип Роздратований,Digita Infastidito,พิมพ์ (รำคาญ),Yaz Siniri bozuk,Typ irriterad,Napíšte Nahnevaný
ANIM/Type-Normal,Type Normal,Type Normal,打字(普通),打字(普通),Tippen Normal,Escribiendo normal,Taper Normal,Normál típus,タイピング（通常）,타이핑(일반),Печатание нормальное,Escrevendo Normal,Тип Нормальний,Digitare Normale,พิมพ์ (ปกติ),Yaz Normal,Skriv Normal,Typ Normal
ANIM/Work-Angry,Work Angry,Work Angry,工作(生气),工作(生氣),Arbeit Wütend,Trabajando enojado,Travailler en Colère,Work Angry,作業（怒り）,업무(화남),Злой на работе,Trabalhando Ódio,Робота Злий,Lavora arrabbiato,ทำงาน (โกรธ),Çalış Sinirli,Arbeta Arg,Pracuj nahnevaný
ANIM/Work-Nap,Work Nap,Work Nap,工作(小睡),工作(小睡),Arbeit Nickerchen,Dormido trabajando,Siester au travail,Munkaszünet,作業（居眠り）,업무(졸음),Уснул на работе,Trabalhando Sono,Робочий сон,Pisolino di lavoro,ทำงาน (หลับ),Çalış Uyu,Arbetstupplur,Pracovný spánok
ANIM/Work-Normal,Work Normal,Work Normal,工作(普通),工作(普通),Arbeit Normal,Trabajando Normal,Travailler classique,Normál munkavégzés,作業（通常）,업무(일반),Работает обычно,Trabalhando Normal,Нормальна робота,Lavoro normale,ทำงาน (ปกติ),Çalış Normal,Arbeta normalt,Pracujte normálne
ANIM/Work-Tired,Work Tired,Work Tired,工作(疲倦),工作(疲倦),Arbeit Müde,Trabajando cansado,Travailler Fatigué ,Munka fáradt,作業（疲れ）,업무(피곤),Усталость от работы,Trabalhando Cansado,Робота втомлена,Lavoro stanco,ทำงาน (เหนื่อย),Çalış Yorgun,Arbete Trött,Pracovať unavený
ANIM/Bell,Bell,Bell,摇铃,搖鈴,Glocke,Campana,Cloche,Harang,ベル,종 울리기,Колокольчик,Sino,дзвоник,Campana,กระดิ่งมีด้าม,Çan,Klocka,Bell
ANIM/Cake,Cake,Cake,蛋糕,蛋糕,Kuchen,Pastel,Gâteau,Torta,ケーキ,케이크,Торт,Bolo,Торт,Torta,เค้ก,Kek,Tårta,Koláč
ANIM/Caught-Phone,Caught in 4K (Phone),Caught in 4K (Phone),抓拍(手机),拍照(手機),Foto schießen (Telefon),Captado en 4K (teléfono),Pris en 4K (Téléphone),4K-ban rögzítve (telefon),撮影 (スマホ),증거 포착(핸드폰),Снимает в 4K (телефон),Pego em 4K (Telefone),Знято в 4K (телефон),Catturato in 4K (telefono),เก็บหลักฐาน (มือถือ),Hop ss aldım (Telefon),Fångad i 4K (telefon),Zachytené v rozlíšení 4K (telefón)
ANIM/Caught-VideoCamera,Caught in 4K (Video Camera),Caught in 4K (Video Camera),抓拍(摄像机),拍照(攝影機),Video drehen (Videokamera),Captado en 4K (cámara de vídeo),Pris en 4K (Caméra),4K-ban rögzítve (videokamera),撮影 (ビデオカメラ),증거 포착(비디오 카메라),Снимает в 4K (видеокамера),Pego em 4K (Câmera de Vídeo),Знято в 4K (відеокамера),Catturato in 4K (videocamera),เก็บหลักฐาน (กล้องวิดีโอ),Hop ss aldım (Video Kamera),Fångad i 4K (videokamera),Zachytené v rozlíšení 4K (videokamera)
ANIM/Celebration,Celebration,Celebration,庆祝,慶祝,Feier,Celebración,Célébration,Ünneplés,お祝い,축하,Празднование,Celebração,святкування,Celebrazione,เฉลิมฉลอง,Kutlama,Firande,Oslava
ANIM/Head-Nod,Head Nod,Head Nod,点头,點頭,Kopfnicken,Asentir con la cabeza,Hochement de tête,Fej bólint,うなずく,고개 끄덕임,Кивок головой,Aceno a Cabeça,Кивок головою,Testa annuita,พยักหน้า,Kafa Salla (Olumlu),Huvudnicka,Prikývnutie hlavy
ANIM/Head-Shake,Head Shake,Head Shake,摇头,搖頭,Kopfschütteln,Sacudir la cabeza,Secouer la tête,Fej rázza,首を振る,고개 젓기,Покачивание головой,Sacudir a Cabeça,Похитування головою,Scuotere la testa,ส่ายหัว,Kafa salla (Olumsuz),Skaka huvud,Potriasť hlavou
ANIM/Hypnosis,Hypnosis,Hypnosis,催眠,催眠,Hypnose,Hipnosis,Hypnose,Hipnózis,催眠（スマホ）,최면,Гипноз,Hipnose,Гіпноз,Ipnosi,สะกดจิต,Hipnoz,Hypnos,Hypnóza
ANIM/Laugh-Point,Laugh (Point),Laugh (Point),笑(指),笑(指),Lachen (Zeigen),Reír (punto),Rire (Pointer),Nevetés (pont),笑い（指差し）,비웃음(포인트),Смех (Обвинение),Rir (Apontando),Сміятися (точка),Ridere (punto),หัวเราะ (ชี้),Gül (İşaret ederek),Skratta (peka),smiech (bod)
ANIM/LoveLetter,Love Letter,Love Letter,情书,情書,Liebesbrief,carta de amor,Lettre d'Amour,Szerelmeslevél,ラブレター,러브레터,Любовное письмо,Carta de Amor,Любовний лист,Lettera d'amore,จดหมายรัก,İlan-ı Aşk Mektubu,Kärleksbrev,Milostný list
ANIM/NeedFood,Need Food,Need Food,要米,求餵食,Brauche Essen,Necesito comida,Demander de la Nourriture,Élelmiszer kell,ごはんほしい,배고픔,Нуждаюсь в еде,Precisa de Comida,Потрібна їжа,Bisogno di cibo,ขออาหาร,Yemek Lazım,Behöver mat,Potrebujete jedlo
ANIM/PNGTuber-Idle,PNGTuber Idle,PNGTuber Idle,PNGTuber 闲置,PNGTuber 閒置,PNGTuber Idle,PNGTuber inactivo,PNGTuber Inactif,PNGTuber Idle,PNGTuber 待機,2D 버튜버 (대기),PNG-tuber в покое,PNGTuber Inativo ,PNGTuber не працює,PNGTuber Inattivo,PNGTuber Idle,PNGTuber Sabit,PNGtuber tomgång,PNGTuber nečinný
ANIM/PNGTuber-Idle2,PNGTuber Idle 2,PNGTuber Idle 2,PNGTuber 闲置 2,PNGTuber 閒置 2,PNGTuber Idle 2,PNGTuber inactivo 2,PNGTuber Inactif 2,PNGTuber Idle 2,PNGTuber 待機 2,2D 버튜버 (대기) 2,PNG-tuber в покое 2,PNGTuber Inativo 2,PNGTuber Idle 2,PNGTuber Inattivo 2,PNGTuber Idle 2,PNGTuber Sabit 2,PNGtuber Idle 2,PNGTuber Idle 2
ANIM/PNGTuber-Loading,PNGTuber Loading,PNGTuber Loading,PNGTuber 加载中,PNGTuber 載入中,PNGTuber wird geladen,Cargando PNGTuber,PNGTuber Chargement,PNGTuber betöltése,PNGTuber ロード中,PNGTuber 로드 중,PNGTuber Загрузка,Carregando PNGTuber,PNG Tuber Завантаження,Caricamento PNGTuber,กำลังโหลด PNGTuber,PNGTuber Yükleniyor,PNGtuber laddar,Načítava sa PNGTuber
ANIM/PNGTuber-Talk,PNGTuber Talk,PNGTuber Talk,PNGTuber 说话,PNGTuber 說話,PNGTuber Reden,Charla de Tuber,PNGTuber Parler,PNGTuber Talk,PNGTuber トーク,2D 버튜버 (말하기),PNG-tuber говорит,PNGTuber Falando,PNG Tuber Talk,PNGTuber Parla,PNGTuber พูดคุย,PNGTuber Konuş,PNGtuber Talk,PNGTuber Talk
ANIM/PNGTuber-Talk2,PNGTuber Talk 2,PNGTuber Talk 2,PNGTuber 说话 2,PNGTuber 說話 2,PNGTuber Reden 2,Charla de Tuber 2,PNGTuber Parler 2,PNGTuber Talk 2,PNGTuber トーク 2,2D 버튜버 (말하기) 2,PNG-tuber говорит 2,PNGTuber Falando 2,PNG Tuber Talk 2,PNGTuber Parla 2,PNGTuber พูดคุย 2,PNGTuber Konuş 2,PNGtuber Talk 2,PNGTuber Talk 2
ANIM/PNGTuber-Yap,PNGTuber Yap,PNGTuber Yap,PNGTuber 说教,PNGTuber 說教,PNGTuber Yappen,PNGTuber Yap,PNGTuber Jacasser,PNGTuber Yap,PNGTuber おしゃべり,2D 버튜버 (수다),PNG-tuber тявканье,PNGTuber Conversando,PNGTuber Yap,PNGTuber Già,PNGTuber โวย,PNGTuber Boş Yap,PNGtuber Yap,PNGTuber Yap
ANIM/Popcat-Frame,Popcat Frame,Popcat Frame,Popcat 帧,Popcat 幀,Popcat Standbild,Marco de gato pop,Popcat Frame,Popcat keret,パクパク猫（コマ送り）,팝캣 (프레임),Попкэт по кадрам,Popcat Frame,Рамка Popcat,Cornice Popcat,Popcat Frame,Popcat Düz,Popcat ram,Popcat Frame
ANIM/Popcat-Smooth,Popcat Smooth,Popcat Smooth,Popcat 平滑,Popcat 平滑,Popcat Animiert,Gato suave,Popcat Animé,Popcat Smooth,パクパク猫（なめらか）,팝캣 (부드러움),Попкэт плавный,Popcat Suave,Popcat Smooth,Popcat liscio,Popcat Smooth,Popcat Akışkan,Popcat Smidig,Popcat Smooth
ANIM/Sing,Sing,Sing,唱歌,唱歌,Singen,Cantar,Chanter,Énekel,歌う,노래하기,Пение,Cantando,Співай,Cantare,ร้องเพลง,Şarkı Söyle,Sjunga,Spievajte
ANIM/Tablet,Tablet,Tablet,画板,繪圖板,Tablet,Tableta,Tablette,Tabletta,タブレット,타블렛,Графический планшет,Tablet,планшет,Tavoletta,แท็บเล็ตวาดรูป,Çizim Tableti,Tablett,Tablet
ANIM/TailWag,Tail Wag,Tail Wag,雨刮器尾巴,雨刷尾巴,Schwanzwedeln,Meneo de cola,Remuer la queue,Tail Wag,しっぽ振り,꼬리 흔들기,Виляние хвостом,Balançando a cauda,Виляння хвостом,Scodinzolare,กระดิกหาง,Kuyruk Salla,Svansvifta,Chvost Wag
ANIM/Bug,Bug,Bug,Bug,Bug,Insekt,Bicho,Beug,Bogár,虫,벌레,Ошибка,Erro,помилка,Insetto,แมลง,Böcek,Bugga,Bug
ANIM/Cheer,Cheer,Cheer,加油,加油,Jubeln,Alegría,Encouragement,Éljenzés,応援,환호,Радость,Alegrar,Розвеселити,Allegria,เชียร์,Tezahürat,Hurra,Na zdravie
ANIM/Easter,Easter,Easter,复活节,復活節,Ostern,Pascua de Resurrección,Pâques,húsvéti,イースター,부활절,Пасха,Páscoa,Великдень,Pasqua,อีสเตอร์,Paskalya,påsk,Veľká noc
ANIM/Gun-TriggerHappy,Gun,Gun,枪,槍,Pistole,Pistola,Pistolet,Pisztoly,銃,총,Пистолет,Pistola,пістолет,Pistola,ปืน,Silah,Pistol,Pištoľ
ANIM/Idea,Idea,Idea,主意,主意,Idee,Idea,Idée,Ötlet,ひらめき,아이디어,Идея,Ideia,Ідея,Idea,ความคิด,Buldum,Aning,Idea
ANIM/Megaphone,Megaphone,Megaphone,扩音器,擴音器,Megaphon,Megáfono,Mégaphone,Megafon,メガホン,메가폰,Мегафон,Megafone,Мегафон,Megafono,โทรโข่ง,Megafon,Megafon,Megafón
ANIM/PaidBreak-EasyMode,Paid Break (Easy Mode),Paid Break (Easy Mode),带薪拉屎(简单模式),帶薪拉屎(簡單模式),Bezahlte Pause (einfacher Modus),Descanso pagado (modo fácil),Pause Toilettes (Mode Facile),Fizetett szünet (Easy Mode),トイレ休憩（スマホ）,유급 휴식(쉬움 모드),Оплачиваемый перерыв (простой режим),Pausa Paga (Modo Fácil),Оплачувана перерва (легкий режим),Pausa retribuita (modalità facile),แบ่งจ่าย (โหมดง่าย),Küçük Abdest,Betald paus (enkelt läge),Platená prestávka (jednoduchý režim)
ANIM/PaidBreak-HardMode,Paid Break (Hard Mode),Paid Break (Hard Mode),带薪拉屎(困难模式),帶薪拉屎(困難模式),Bezahlte Pause (harter Modus),Descanso pagado (modo difícil),Pause Toilettes (Mode Difficile),Fizetett szünet (kemény mód),トイレ休憩（大）,유급 휴식(하드 모드),Оплачиваемый перерыв (сложный режим),Pausa Paga (Modo Difícil),Оплачувана перерва (важкий режим),Pausa retribuita (modalità difficile),แบ่งจ่าย (โหมดฮาร์ด),Büyük Abdest,Betald paus (hårt läge),Platená prestávka (tvrdý režim)
ANIM/Spray,Spray,Spray,喷剂,噴劑,Spray,Pulverización,Pulvérisation,Permet,スプレー缶,스프레이,Спрей,Pulverizar,Спрей,Spray,สเปรย์,Sprey,Spray,Striekajte
ANIM/StopsWorking,Stops Working,Stops Working,停止工作,停止工作,Funktioniert nicht mehr,Deja de funcionar,Cesser de Fonctionner,Leállítja a munkát,動作停止,작동이 중지됨,Перестает работать,Para de funcionar,Припиняє працювати,Smette di funzionare,หยุดทำงาน,Hata Verdim,Slutar fungera,Prestane pracovať
ANIM/Sunglasses-Gleam,Sunglasses Gleam,Sunglasses Gleam,墨镜反光,墨鏡反光,Sonnenbrillen glänzen,gafas de sol brillan,Lunettes de Soleil,Napszemüveg Gleam,サングラス（キラーン）,선글라스 글림,Солнцезащитные очки,Óculos de sol brilham,Сонцезахисні окуляри Gleam,Gli occhiali da sole brillano,แว่นกันแดดกลิตเตอร์,Güneş Gözlüğü Parıltısı,Solglasögon Gleam,Slnečné okuliare Gleam
ANIM/Sunglasses-PixelGleam,Sunglasses Pixel Gleam,Sunglasses Pixel Gleam,像素墨镜反光,畫素墨鏡反光,Sonnenbrille Pixel Gleam,Gafas de sol Pixel Brillo,Lunettes de Soleil Pixel,Pixel Gleam napszemüveg,サングラス（ドット）（キラーン）,선글라스 픽셀 글림,Солнцезащитные очки Pixel Gleam,Óculos de sol Pixel Gleam,Сонцезахисні окуляри Pixel Gleam,Occhiali da sole Pixel Gleam,แว่นกันแดด Pixel Gleam,Güneş Gözlüğü Pixel Parıltı,Solglasögon Pixel Gleam,Slnečné okuliare Pixel Gleam
ANIM/Sunglasses-Remove,Sunglasses Remove,Sunglasses Remove,摘掉墨镜,摘掉墨鏡,Sonnenbrille entfernen,Quitar gafas de sol,Enlever Lunettes de Soleil,Távolítsa el a napszemüveget,サングラスを外す,선글라스 제거,Солнцезащитные очки снять,Óculos de sol remover,Зняти сонцезахисні окуляри,Occhiali da sole Rimuovi,ถอดแว่นกันแดด,Güneş Gözlüğünü Çıkar,Ta bort solglasögon,Odstráňte slnečné okuliare
ANIM/Swatter,Swatter,Swatter,拍蝇,拍蠅,Fliegenklatsche,Palmeta matamoscas,Tapette à Mouche,Légycsapó,ハエたたき,찰싹 때리는 사람,Сваттер,mata-mata,Бійка,Schiacciamento,ไม้ตี,Sineklik,Swatter,Splácačka
ANIM/Tape,Tape,Tape,胶带,膠帶,Band,Cinta,Ruban Adhésif,Szalag,テープ,줄자,Лента,Fita,Tape,Nastro,เทป,Bant,Tejpa,páska
ANIM/TrashBin,Trash Bin,Trash Bin,垃圾桶,垃圾桶,Mülleimer,Papelera,Poubelle,Szemeteskosár,ゴミ箱,쓰레기통,мусорное ведро,Lixeira,Відро для сміття,Cestino,ถังขยะ,Çöp Kutusu,Papperskorgen,Odpadkový kôš
ANIM/TrashTuber-Idle,TrashTuber Idle,TrashTuber Idle,TrashTuber 闲置,TrashTuber 閒置,TrashTuber im Leerlauf,TrashTuber inactivo,TrashTuber Inactif,TrashTuber Idle,TrashTuber 待機,TrashTuber 유휴 상태,TrashTuber Простой,TrashTuber ocioso,TrashTuber не працює,TrashTuber Inattivo,ถังขยะไม่ได้ใช้งาน,Çöp Tuber Sabit,TrashTuber tomgång,TrashTuber Idle
ANIM/TrashTuber-Talk,TrashTuber Talk,TrashTuber Talk,TrashTuber 说话,TrashTuber 說話,TrashTuber-Talk,Charla de TrashTuber,TrashTuber Parler,TrashTuber Talk,TrashTuber トーク,TrashTuber 토크,TrashTuber Talk,Conversa sobre TrashTuber,Обговорення TrashTuber,Discorso su TrashTuber,ถังขยะพูดคุย,Çöp Tuber Konuş,TrashTuber Talk,TrashTuber Talk
ANIM/TrashTuber-Yap,TrashTuber Yap,TrashTuber Yap,TrashTuber 说教,TrashTuber 說教,TrashTuber Yap,TrashTuber Yap,TrashTuber Jacasser,TrashTuber Yap,TrashTuber おしゃべり,TrashTuber 얍,TrashTuber Яп,TrashTuber Yap,TrashTuber Яп,TrashTuber Già,ถังขยะ ยัป,Çöp Tuber Boş Yap,TrashTuber Yap,TrashTuber Yap
ANIM/Cheers,Cheers,Cheers,干杯,乾杯,Prost,Salud,Acclamations,Egészségére,乾杯,건배,Ваше здоровье,Saúde,Ура,Saluti,ไชโย,Şerefe,Skål,Na zdravie
ANIM/Dance-1,Dance 1,Dance 1,跳舞 1,跳舞 1,Tanz 1,Danza 1,Danse 1,Tánc 1,ダンス 1,댄스 1,Танец 1,Dança 1,Танець 1,Danza 1,เต้นรำ 1,Dans 1,Dans 1,Tanec 1
ANIM/Dance-Caramelldansen,Dance (Caramelldansen),Dance (Caramelldansen),跳舞(Caramelldansen),跳舞 (Caramelldansen),Tanz (Caramelldansen),Danza (Caramelldansen),Danse (Caramelldansen),Tánc (Caramelldansen),ダンス（キャラメルダンセン）,댄스(카라멜단센),Танец (Карамельдансен),Dança (Caramelldansen),Танець (Caramelldansen),Danza (Caramelldansen),เต้นรำ (คาราเมลแดนเซน),Dans (Caramelldansen),Dans (Caramelldansen),tanec (Caramelldansen)
ANIM/Dance-Helltaker,Dance (Helltaker),Dance (Helltaker),跳舞(Helltaker),跳舞(Helltaker),Tanz (Helltaker),Danza (Helltaker),Danse (Helltaker),Tánc (Helltaker),ダンス（ヘルテイカー）,댄스(헬테이커),Танец (Helltaker),Dança (Helltaker),Танець (Helltaker),Danza (Helltaker),เต้นรำ (เฮลเทคเกอร์),Dans (Helltaker),Dans (Helltaker),Tanec (Helltaker)
ANIM/Dance-LowCortisol,Dance (Low Cortisol),Dance (Low Cortisol),跳舞(低皮质醇),跳舞(低皮質醇),Tanzen (niedriger Cortisolspiegel),Danza (bajo cortisol),Danse (Faible Taux de Cortisol),Tánc (alacsony kortizolszint),ダンス（低コルチゾール）,댄스(낮은 코르티솔),Танец (низкий уровень кортизола),Dança (baixo cortisol),Танці (низький кортизол),Danza (cortisolo basso),เต้นรำ (คอร์ติซอลต่ำ),Dans (Low Cortisol),Dans (lågt kortisol),Tanec (nízky kortizol)
ANIM/Eat-Donut,Eat (Donut),Eat (Donut),吃(甜甜圈),喫(甜甜圈),Essen (Donut),comer (rosquilla),Manger (Donut),Egyél (fánk),食べる（ドーナツ）,먹다(도넛),Ешь (пончик),Coma (rosquinha),Їсти (пончик),Mangia (ciambella),กิน (โดนัท),Yemek (Çörek),Ät (munk),Jesť (šiška)
ANIM/Eat-Popcorn,Eat (Popcorn),Eat (Popcorn),吃(爆米花),喫(爆米花),Essen (Popcorn),Comer (palomitas de maíz),Manger (Pop-Corn),Egyél (pattogatott kukorica),食べる（ポップコーン）,먹다 (팝콘),Ешьте (попкорн),Comer (pipoca),Їсти (попкорн),Mangiare (Popcorn),กิน (ป๊อปคอร์น),Yemek (Patlamış mısır),Ät (popcorn),Jesť (popcorn)
ANIM/Eat-Watermelon,Eat (Watermelon),Eat (Watermelon),吃(西瓜),喫(西瓜),Essen (Wassermelone),Comer (sandía),Manger (Pastèque),Egyél (görögdinnye),食べる（スイカ）,먹다(수박),Ешьте (арбуз),Coma (melancia),Їсти (кавун),Mangia (anguria),กิน (แตงโม),Yemek (Karpuz),Ät (vattenmelon),Jesť (vodný melón)
ANIM/Game,Game,Game,打游戏,打遊戲,Spiel,Juego,Jouer,Játék,ゲーム,게임,Игра,Jogo,Гра,Gioco,เกม,Oyun,Spel,Hra
ANIM/Greeting-1,Greeting 1,Greeting 1,打招呼 1,打招呼 1,Begrüßung 1,Saludo 1,Salutation 1,Üdvözlet 1,あいさつ 1,인사말 1,Приветствие 1,Saudação 1,Вітання 1,Saluto 1,คำทักทาย 1,Selamlama 1,Hälsning 1,Pozdrav 1
ANIM/Greeting-2,Greeting 2,Greeting 2,打招呼 2,打招呼 2,Begrüßung 2,Saludo 2,Salutation 2,Üdvözlet 2,あいさつ 2,인사말 2,Приветствие 2,Saudação 2,Вітання 2,Saluto 2,คำทักทาย 2,Selamlama 2,Hälsning 2,Pozdrav 2
ANIM/Sparkling-1,Sparkling 1,Sparkling 1,期待 1,期待 1,Funkelnd 1,Espumoso 1,Pétillant 1,Szikrázó 1,キラキラ 1,스파클링 1,Игристое 1,Espumante 1,Ігристе 1,Frizzante 1,เปล่งประกาย 1,Pasparlak 1,Glittrande 1,Šumivé 1
ANIM/Sparkling-2,Sparkling 2,Sparkling 2,期待 2,期待 2,Funkelnd 2,Espumoso 2,Pétillant 2,Szikrázó 2,キラキラ 2,스파클링 2,Игристое 2,Espumante 2,Ігристе 2,frizzante 2,ประกาย 2,Pasparlak 2,Glittrande 2,Šumivé 2
ANIM/Think-Confident,Think (Confident),Think (Confident),思考(自信地),思考（自信地）,Denken (selbstbewusst),Piensa (Confiado),Réfléchir (Confiant),Gondolkodj (Magabiztos),考える（自信あり）,생각하다(자신감),Подумай (Уверенно),Pense (Confiante),Подумай (впевнено),Pensa (fiducioso),คิด(มั่นใจ),Düşün (Kendinden emin),Tänk (säkert),Myslite (s istotou)
ANIM/Think-Serious,Think (Serious),Think (Serious),思考(认真地),思考（認真地）,Denken Sie (ernsthaft),Piensa (en serio),Réfléchir (Sérieux),Gondolkozz (komolyan),考える（ロード中）,생각해보세요 (진지하게),Подумай (Серьезно),Pense (sério),Подумай (серйозно),Pensa (sul serio),คิดถึง (จริงจัง),Düşün (Ciddi),Tänk (allvarligt),Myslieť (vážne)
ANIM/Alert-Custom,Alert Custom,Alert Custom,通知/自定义,警報自訂,Benutzerdefiniert benachrichtigen,Alerta personalizada,Alerte personnalisée,Egyéni figyelmeztetés,アラートカスタム,알림 사용자 정의,Пользовательское оповещение,Alerta personalizado,Спеціальне сповіщення,Avviso personalizzato,การแจ้งเตือนแบบกำหนดเอง,Özel Uyarı,Alert Custom,Upozornenie Vlastné
ANIM/Button,Button,Button,按钮,按鈕,Taste,Botón,Bouton,Gomb,ボタン,단추,Кнопка,Botão,Кнопка,Pulsante,ปุ่ม,Düğme,Knapp,Tlačidlo
ANIM/CardSwipe,Card Swipe,Card Swipe,刷卡,刷卡,Kartendurchzug,Deslizar tarjeta,Glissement de carte,Kártya ellop,カードスワイプ,카드 스와이프,Проведение карты,Deslize o cartão,Свайп картки,Scorrimento della carta,รูดบัตร,Kart Kaydırma,Kortsvep,Potiahnutie karty
ANIM/CokeShake,Coke Shake,Coke Shake,摇可乐,可樂奶昔,Cola-Shake,batido de coca cola,Coca-Shake,Coke Shake,コークシェイク,콜라쉐이크,Кокс-коктейль,Coca-Cola Shake,Кока-кола шейк,Coca-Cola Shake,โค้กเชค,Kola Shake,Cola Shake,Coca Shake
ANIM/Dance-Scuba,Dance (Scuba),Dance (Scuba),舞蹈(散味),舞蹈（水肺）,Tanz (Tauchen),Danza (buceo),Danse (plongée),Tánc (búvárkodás),ダンス（スキューバ）,댄스(스쿠버),Танец (Подводное плавание),Dança (mergulho),Танець (підводне плавання),Danza (immersioni),เต้นรำ (ดำน้ำ),Dans (Tüplü),Dans (Scuba),tanec (potápanie)
ANIM/Gift-1,Gift 1,Gift 1,礼物 1,禮物1,Geschenk 1,Regalo 1,Cadeau 1,Ajándék 1,ギフト1,선물 1,Подарок 1,Presente 1,Подарунок 1,Regalo 1,ของขวัญ 1,Hediye 1,Gåva 1,Darček 1
ANIM/Gift-2,Gift 2,Gift 2,礼物 2,禮物2,Geschenk 2,Regalo 2,Cadeau 2,Ajándék 2,ギフト2,선물 2,Подарок 2,Presente 2,Подарунок 2,Regalo 2,ของขวัญ 2,Hediye 2,Gåva 2,Darček 2
ANIM/Magic,Magic,Magic,魔法,魔法,Magie,Magia,Magie,Mágikus,魔法,마법,Магия,Magia,Магія,Magia,มายากล,Büyü,Magi,Mágia
ANIM/Reverse,Reverse,Reverse,反转,反向,Umkehren,Contrarrestar,Inverse,Fordított,逆行する,뒤집다,Обеспечить регресс,Reverter,Зворотний,Inversione,ย้อนกลับ,Tersi,Motsatt,Obrátené
ANIM/Scared-1,Scared 1,Scared 1,害怕 1,害怕 1,Angst 1,Asustado 1,Peur 1,Félek 1,怖い1,무서워 1,Испугался 1,Assustado 1,Наляканий 1,Spaventato 1,กลัว 1,Korkmuş 1,Rädd 1,Vystrašený 1
ANIM/Scared-2,Scared 2,Scared 2,害怕 2,害怕2,Angst 2,Asustado 2,Peur 2,Félek 2,怖い2,무서워 2,Испуганный 2,Assustado 2,Наляканий 2,Spaventato 2,กลัว2,Korkmuş 2,Rädd 2,Vystrašený 2
ANIM/SixSeven,Six Seven,Six Seven,六七,六七,Sechs Sieben,seis siete,Six Sept,Hat hét,シックスセブン,식스세븐,Шесть Семь,Seis Sete,Шість Сім,Sei Sette,หกเจ็ด,Altı Yedi,Sex sju,Šesť Sedem
ANIM/SixSeven-Dum,Six Seven (Dum),Six Seven (Dum),六七(呆),六七（達姆）,Sechs Sieben (Dum),Seis Siete (tonto),Six Sept (Dum),Six Seven (Dum),シックスセブン (ダム),식스세븐(덤),Шесть Семь (Дум),Seis Sete (Dum),Шість Сім (Дум),Sei Sette (Dum),ซิกเซเว่น (ดัม),Altı Yedi (Dum),Six Seven (Dum),Šesť sedem (Dum)
ANIM/TakeMyMoney,Take My Money,Take My Money,拿走我的钱,拿走我的錢,Nimm mein Geld,toma mi dinero,Prends mon argent,Vegye el a pénzemet,テイク・マイ・マネー,내 돈을 가져가세요,Возьми мои деньги,Pegue meu dinheiro,Візьми мої гроші,Prendi i miei soldi,เอาเงินของฉันไป,Paramı Al,Ta mina pengar,Vezmite si moje peniaze
ANIM/CheeseSlap,Cheese Slap,Cheese Slap,奶酪糊脸,起司拍打,Käseklatsch,Bofetada de queso,Gifle au fromage,Sajtos pofon,チーズスラップ,치즈슬랩,Сырная пощечина,Tapa De Queijo,Сирний ляпас,Schiaffo al formaggio,ตบชีส,Peynir Tokadı,Ost Slap,Syrová facka
ANIM/Clown-1,Clown 1,Clown 1,小丑 1,小丑1,Clown 1,payaso 1,Clown 1,Bohóc 1,ピエロ 1,광대 1,Клоун 1,Palhaço 1,Клоун 1,Pagliaccio 1,ตัวตลก 1,Palyaço 1,Clown 1,Klaun 1
ANIM/Clown-2,Clown 2,Clown 2,小丑 2,小丑2,Clown 2,payaso 2,Clown 2,Bohóc 2,ピエロ2,광대 2,Клоун 2,Palhaço 2,Клоун 2,Pagliaccio 2,ตัวตลก 2,Palyaço 2,Clown 2,Klaun 2
ANIM/ElectricFan-1,Electric Fan 1,Electric Fan 1,电风扇 1,電風扇1,Elektrischer Ventilator 1,Ventilador eléctrico 1,Ventilateur électrique 1,Elektromos ventilátor 1,扇風機1,선풍기 1,Электрический вентилятор 1,Ventilador Elétrico 1,Електричний вентилятор 1,Ventilatore elettrico 1,พัดลมไฟฟ้า 1,Elektrikli Vantilatör 1,Elektrisk fläkt 1,Elektrický ventilátor 1
ANIM/ElectricFan-2,Electric Fan 2,Electric Fan 2,电风扇 2,電風扇2,Elektrischer Ventilator 2,Ventilador eléctrico 2,Ventilateur électrique 2,Elektromos ventilátor 2,扇風機2,선풍기 2,Электрический вентилятор 2,Ventilador Elétrico 2,Електричний вентилятор 2,Ventilatore elettrico 2,พัดลมไฟฟ้า 2,Elektrikli Vantilatör 2,Elektrisk fläkt 2,Elektrický ventilátor 2
ANIM/Fire-1,Fire 1,Fire 1,烧 1,火1,Feuer 1,Fuego 1,Feu 1,Tűz 1,ファイア1,화재 1,Огонь 1,Fogo 1,Пожежа 1,Fuoco 1,ไฟ 1,Ateş 1,Brand 1,Oheň 1
ANIM/Fire-2,Fire 2,Fire 2,烧 2,火2,Feuer 2,Fuego 2,Feu 2,Tűz 2,ファイア2,화재 2,Огонь 2,Fogo 2,Пожежа 2,Fuoco 2,ไฟ 2,Ateş 2,Eld 2,Oheň 2
ANIM/FoldingFans,Folding Fans,Folding Fans,折扇,折扇,Faltfächer,Abanicos plegables,Ventilateurs pliants,Összecsukható ventilátorok,扇子,접는 부채,Складные веера,Ventiladores dobráveis,Складні віяла,Ventagli pieghevoli,พัดลมพับ,Katlanır Vantilatörler,Fällbara fläktar,Skladacie ventilátory
ANIM/GetHit-Bits,Get Hit (Bits),Get Hit (Bits),被击中(Bits),受到打擊（位）,Lass dich treffen (Bits),Recibe un golpe (bits),Être touché (Bits),Ütés (bitek),ヒットする (ビット),히트 (비트),Получить удар (биты),Seja atingido (bits),Отримати удар (біти),Ottieni colpi (bit),ได้รับการตี (บิต),İsabet Alın (Bit),Bli träffad (bitar),Získať zásah (bity)
ANIM/GetHit-Coin,Get Hit (Coin),Get Hit (Coin),被击中(硬币),被擊中（金幣）,Get Hit (Münze),Obtener golpe (moneda),Être touché (pièce de monnaie),Ütés (érme),ヒットする(コイン),히트 (코인),Получить удар (монета),Seja atingido (moeda),Отримати удар (монета),Ottieni il colpo (moneta),รับ Hit (เหรียญ),İsabet Alın (Para),Bli träffad (mynt),Získajte zásah (minca)
ANIM/GetHit-Custom,Get Hit (Custom),Get Hit (Custom),被击中(自定义),受到打擊（自訂）,Get Hit (Benutzerdefiniert),Recibir golpe (personalizado),Être touché (personnalisé),Ütés (egyéni),ゲットヒット(カスタム),적중(커스텀),Получить удар (по индивидуальному заказу),Ser atingido (personalizado),Отримати удар (на замовлення),Ottieni un colpo (personalizzato),รับ Hit (กำหนดเอง),İsabet Alın (Özel),Bli träffad (anpassad),Získať zásah (vlastné)
ANIM/GetHit-Heart,Get Hit (Heart),Get Hit (Heart),被击中(爱心),受到打擊（心）,Lass dich treffen (Herz),Recibir un golpe (corazón),Être touché (cœur),Ütés (szív),ヒット(ハート),히트 (하트),Получить удар (сердце),Seja atingido (coração),Отримати удар (серце),Fatti colpire (cuore),โดนตี (หัวใจ),Vurul (Kalp),Bli träffad (hjärta),Dostať zásah (srdce)
ANIM/GetHit-Slipper,Get Hit (Slipper),Get Hit (Slipper),被击中(拖鞋),被擊中（拖鞋）,Get Hit (Slipper),Obtener golpe (zapatilla),Être touché (pantoufle),Ütés (papucs),ヒット（スリッパ）,히트 (슬리퍼),Получить удар (тапочки),Seja atingido (chinelo),Get Hit (Slipper),Fatti colpire (pantofola),รับตี (รองเท้าแตะ),Vurul (Terlik),Bli påkörd (tofflor),Zasiahnuť (papuča)
ANIM/Guitar,Guitar,Guitar,吉他,吉他,Gitarre,Guitarra,Guitare,Gitár,ギター,기타,Гитара,Guitarra,гітара,Chitarra,กีตาร์,Gitar,Gitarr,Gitara
ANIM/Slipper-1,Slipper 1,Slipper 1,拖鞋 1,拖鞋1,Pantoffel 1,Zapatilla 1,Pantoufle 1,Papucs 1,スリッパ1,슬리퍼 1,Тапочки 1,Chinelo 1,Тапочок 1,Pantofola 1,รองเท้าแตะ 1,Terlik 1,Tofflor 1,Papuča 1
ANIM/Slipper-2,Slipper 2,Slipper 2,拖鞋 2,拖鞋2,Pantoffel 2,Zapatilla 2,Pantoufle 2,Papucs 2,スリッパ2,슬리퍼 2,Тапочки 2,Chinelo 2,Тапочок 2,Pantofola 2,รองเท้าแตะ 2,Terlik 2,Tofflor 2,Papuča 2
ANIM/Sunglasses-Loop,Sunglasses Loop,Sunglasses Loop,墨镜循环,墨鏡環,Sonnenbrillenschlaufe,Lazo de gafas de sol,Boucle de lunettes de soleil,Napszemüveg hurok,サングラスループ,선글라스 루프,Петля для солнцезащитных очков,Loop de óculos de sol,Сонцезахисні окуляри Loop,Anello per occhiali da sole,ห่วงแว่นกันแดด,Güneş Gözlüğü Döngüsü,Solglasögon Loop,Slučka na slnečné okuliare
ANIM/ThisIsFine-1,This Is Fine 1,This Is Fine 1,一切都好 1,這很好 1,Das ist in Ordnung 1,Esto está bien 1,C'est bien 1,Ez jó 1,これでいい 1,이건 괜찮아 1,это нормально 1,Isso é bom 1,Це добре 1,Questo va bene 1,นี่ก็ดีแล้ว 1,Bu iyi 1,Det här är bra 1,Toto je v pohode 1
ANIM/ThisIsFine-2,This Is Fine 2,This Is Fine 2,一切都好 2,這很好2,Das ist in Ordnung 2,Esto está bien 2,C'est bien 2,Ez jó 2,This Is Fine 2,괜찮아요 2,Это нормально 2,Isso está bem 2,Це добре 2,Va bene 2,นี่ก็โอเค 2,Bu Güzel 2,Det här är bra 2,Toto je v pohode 2
ANIM/ThisIsFine-3,This Is Fine 3,This Is Fine 3,一切都好 3,這很好 3,Das ist in Ordnung 3,Esto está bien 3,C'est bien 3,Ez jó 3,これでいい 3,괜찮아요 3,Это нормально 3,Isso está bem 3,Це добре 3,Questo va bene 3,นี่ก็ดีแล้ว 3,Bu Güzel 3,Det här är bra 3,Toto je v pohode 3
ANIM/Wink,Wink,Wink,眨眼,眨眼,Zwinkern,Guiño,Clin d'œil,Kacsints,ウィンク,눈짓,Подмигивание,Piscar,Підморгнути,Ammiccamento,ขยิบตา,Göz kırp,Blinkning,Žmurkanie
ANIM/Blep-1,Blep 1,Blep 1,吐舌 1,貝爾普 1,Blep 1,Blep 1,Bip 1,Blep 1,ブリープ 1,벨렙 1,Блеп 1,Blep 1,Блеп 1,Bip 1,เบลพ 1,Bip 1,Blep 1,Blep 1
ANIM/Blep-2,Blep 2,Blep 2,吐舌 2,貝爾普2,Blep 2,Blep 2,Blep 2,Blep 2,ブリープ 2,벨렙 2,Блеп 2,Blep 2,Блеп 2,Bip 2,เบลพ 2,Bip 2,Blep 2,Blep 2
ANIM/Blep-3,Blep 3,Blep 3,吐舌 3,貝爾普 3,Piepton 3,Blep 3,Blep 3,Blep 3,ブリープ 3,벨렙 3,Блэп 3,Blep 3,Блеп 3,Bip 3,เบลพ 3,Bip 3,Blep 3,Blep 3
ANIM/Blep-4,Blep 4,Blep 4,吐舌 4,貝爾普 4,Piepton 4,Blep 4,Blep 4,Blep 4,ブリープ 4,벨렙 4,Блеп 4,Blep 4,Блеп 4,Bip 4,เบลพ 4,Bip 4,Blep 4,Blep 4
ANIM/Boop,Boop,Boop,碰鼻子,布普,Boop,boop,Bouh,Boop,ブープ,부프,Буп,Boop,Буп,Boop,บู๊,Bop,Boop,Boop
ANIM/Button-Punch,Button (Punch),Button (Punch),按钮 (拍击),按鈕（沖頭）,Knopf (Punch),Botón (golpe),Bouton (poinçon),Gomb (ütés),ボタン（パンチ）,버튼(펀치),Кнопка (Удар),Botão (soco),Кнопка (пунш),Pulsante (Punzone),ปุ่ม (หมัด),Düğme (Zımba),Knapp (Punch),Tlačidlo (dierovač)
ANIM/CheekSqueeze,Cheek Squeeze,Cheek Squeeze,挤脸颊,捏臉頰,Wange drücken,Apretar las mejillas,Pincement des joues,Cheek Squeeze,頬の絞り,뺨 스퀴즈,Сжатие щек,Aperto de bochecha,Стиснення щоки,Spremitura delle guance,บีบแก้ม,Yanak Sıkma,Cheek Squeeze,Stlačenie líca
ANIM/Gift-3,Gift 3,Gift 3,礼物 3,禮物3,Geschenk 3,Regalo 3,Cadeau 3,Ajándék 3,ギフト3,선물 3,Подарок 3,Presente 3,Подарунок 3,Regalo 3,ของขวัญ 3,Hediye 3,Gåva 3,Darček 3
ANIM/Loading-Cup,Loading (Cup),Loading (Cup),加载（茶/咖啡杯）,裝載（杯）,Laden (Becher),Cargando (Copa),Chargement (tasse),Betöltés (csésze),ローディング（カップ）,로딩(컵),Загрузка (Кубок),Carregando (Copo),Завантаження (чашка),Caricamento (tazza),กำลังโหลด (ถ้วย),Yükleniyor (Kupa),Laddar (kopp),Načítava sa (pohár)
ANIM/Loading-Mug,Loading (Mug),Loading (Mug),加载（马克杯）,裝載（杯子）,Laden (Becher),Cargando (taza),Chargement (tasse),Betöltés (bögre),ローディング（マグカップ）,로딩(머그),Загрузка (Кружка),Carregando (Caneca),Завантаження (кухоль),Caricamento (Tazza),กำลังโหลด (แก้ว),Yükleniyor (Kupa),Laddar (mugg),Načítava sa (hrnček)
ANIM/Loading-Sleep,Loading (Sleep),Loading (Sleep),加载（睡觉）,載入（睡眠）,Laden (Schlaf),Cargando (dormir),Chargement (Veille),Betöltés (alvó állapot),読み込み中（スリープ）,로드 중(수면),Загрузка (Сон),Carregando (suspensão),Завантаження (Сон),Caricamento (sonno),กำลังโหลด (สลีป),Yükleniyor (Uyku),Laddar (sömn),Načítava sa (spánok)
ANIM/Pat-2,Pat 2,Pat 2,摸头 2,拍2,Pat 2,palmadita 2,Pat 2,Pat 2,パット2,팻 2,Пэт 2,Pat 2,Пат 2,Pat 2,แพท 2,Pat 2,Pat 2,Pat 2
ANIM/Press,Press,Press,按,按,Drücken,Prensa,Presse,Sajtó,プレス,누르다,Нажимать,Imprensa,Прес,Premere,กด,Basmak,Trycka,Stlačte tlačidlo
ANIM/Rub-1,Rub 1,Rub 1,揉头 1,擦1,Reiben Sie 1,Frotar 1,Frotter 1,Dörzsölje 1,こする1,문지름 1,1 руб.,Esfregue 1,Руб 1,Strofinare 1,ถู 1,1 ovmak,Gnid 1,Potierať 1
ANIM/Cut-Scissors,Cut (Scissors),Cut (Scissors),切（剪刀）,剪（剪刀）,Schneiden (Schere),Cortar (tijeras),Couper (ciseaux),Vágás (olló),カット（ハサミ）,컷(가위),Вырезать (ножницами),Corte (Tesoura),Вирізати (Ножиці),Taglio (Forbici),ตัด (กรรไกร),Kesim (Makas),Klipp (sax),Strihať (nožnice)
ANIM/Tea-1,Tea 1,Tea 1,茶 1,茶1,Tee 1,Té 1,Thé 1,Tea 1,お茶1,차 1,Чай 1,Chá 1,Чай 1,Tè 1,ชา 1,Çay 1,Te 1,Čaj 1
ANIM/Tea-2,Tea 2,Tea 2,茶 2,茶2,Tee 2,Té 2,Thé 2,Tea 2,お茶2,차 2,Чай 2,Chá 2,Чай 2,Tè 2,ชา 2,Çay 2,Te 2,Čaj 2
ANIM/Tea-3,Tea 3,Tea 3,茶 3,茶3,Tee 3,Té 3,Thé 3,Tea 3,お茶3,차 3,Чай 3,Chá 3,Чай 3,Tè 3,ชา 3,Çay 3,Te 3,Čaj 3
ANIM/ThisIsFine-4,This Is Fine 4,This Is Fine 4,一切都好 4,這很好 4,Das ist in Ordnung 4,Esto está bien 4,C'est bien 4,Ez jó 4,これでいい 4,이건 괜찮아 4,Это нормально 4,Isso está bem 4,Це добре 4,Va bene 4,นี่ก็ดีแล้ว 4,Bu Güzel 4,Det här är bra 4,Toto je v pohode 4
ANIM/ThisIsFine-5,This Is Fine 5,This Is Fine 5,一切都好 5,這很好 5,Das ist in Ordnung 5,Esto está bien 5,C'est bien 5,Ez jó 5,これでいい 5,괜찮아요 5,Это нормально 5,Isso está bem 5,Це добре 5,Va bene 5,นี่ก็ดีแล้ว 5,Bu Güzel 5,Det här är bra 5,Toto je v pohode 5
ANIM/ThisIsFine-6,This Is Fine 6,This Is Fine 6,一切都好 6,這很好 6,Das ist in Ordnung 6,Esto está bien 6,C'est bien 6,Ez jó 6,これでいい 6,괜찮아요 6,Это нормально 6,Isso está bem 6,Це добре 6,Va bene 6,อย่างนี้ก็ดีแล้ว 6,Bu Güzel 6,Det här är bra 6,Toto je v pohode 6
ANIM/Trophy-1,Trophy 1,Trophy 1,胜利 1,獎杯1,Trophäe 1,Trofeo 1,Trophée 1,1. trófea,トロフィー 1,트로피 1,Трофей 1,Troféu 1,Трофей 1,Trofeo 1,ถ้วยรางวัล 1,Kupa 1,Trofé 1,Trofej 1
ANIM/Yay,Yay,Yay,耶,耶,Ja,Hurra,Ouais,Jaj,わーい,이야,ура,yay,Ура,Sìì,เย้,yay,Jaja,Hurá
